{"cameraMode":{"drawMode":0,"name":"Shaded","section":"Shading Mode"},"sceneLighting":false,"audioPlay":false,"sceneViewState":{"showFog":true,"showMaterialUpdate":false,"showSkybox":false,"showFlares":true,"showImageEffects":true,"showParticleSystems":true},"in2DMode":false,"pivot":{"x":-0.2736662030220032,"y":-0.17505788803100587,"z":0.37695637345314028},"rotation":{"x":-0.3161846101284027,"y":0.35396337509155276,"z":-0.12852922081947328,"w":-0.8707581758499146},"size":0.33303457498550417,"orthographic":false}