{"cameraMode":{"drawMode":0,"name":"Shaded","section":"Shading Mode"},"sceneLighting":true,"audioPlay":false,"sceneViewState":{"showFog":true,"showMaterialUpdate":false,"showSkybox":true,"showFlares":true,"showImageEffects":true,"showParticleSystems":true},"in2DMode":false,"pivot":{"x":0.049366340041160586,"y":1.1330931186676026,"z":1.0809326171875},"rotation":{"x":-0.09624834358692169,"y":0.8588265180587769,"z":-0.17526380717754365,"w":-0.47163456678390505},"size":1.1208293437957764,"orthographic":false}